iteracja	x	epsilon
0	1.431614	0.400000
1	2.093136	0.668386
2	1.483338	0.093136
3	5.267156	0.051723
4	-19.577760	3.174021
5	1.818393	21.061097
6	1.989361	3.448763
7	2.070740	21.567120
8	1.841135	0.252347
9	2.052048	0.148225
10	1.732633	0.018692
11	1.783199	0.108502
12	2.239437	0.268848
13	1.798455	0.506804
14	2.174279	0.015256
15	2.161329	0.065158
16	2.237204	0.362873
17	2.195499	0.062926
18	2.201572	0.034171
19	2.198243	0.035633
20	2.198031	0.002744
21	2.197757	0.003541
22	2.198327	0.000486
23	2.197819	0.000296
24	2.198036	0.000061
25	2.198071	0.000291
26	2.197875	0.000252
27	2.198116	0.000162
28	2.197956	0.000045
29	2.197995	0.000082
30	2.198069	0.000121
31	2.197954	0.000113
32	2.198067	0.000041
33	2.198024	0.000002
34	2.198022	0.000070
35	2.198097	0.000044
36	2.198050	0.000072
37	2.198127	0.000027
38	2.198165	0.000030
39	2.198205	0.000115
40	2.198502	0.000078
41	2.199109	0.000337
42	2.197300	0.000904
43	2.197835	0.001202
44	2.198030	0.001274
45	2.198739	0.000731
46	2.197881	0.000903
47	2.199441	0.000150
48	2.198236	0.000703
49	2.198316	0.000355
50	2.197701	0.001125
51	2.196785	0.000535
52	2.198009	0.001531
53	2.198257	0.000308
54	2.197047	0.001473
55	2.198284	0.000962
56	2.197882	0.000027
57	2.197896	0.000835
58	2.198105	0.000388
59	2.197716	0.000222
60	2.198003	0.000180
61	2.197889	0.000101
62	2.197730	0.000173
63	2.197896	0.000273
64	2.197143	0.000007
65	2.197220	0.000587
66	2.199437	0.000676
67	2.198140	0.002294
68	2.198035	0.000920
69	2.197461	0.001403
70	2.198197	0.000679
71	2.197638	0.000162
72	2.197891	0.000177
73	2.197933	0.000306
74	2.196212	0.000295
75	2.197800	0.001679
76	2.199530	0.000134
77	2.198344	0.003319
78	2.198199	0.000544
79	2.197796	0.001331
80	2.196393	0.000548
81	2.198000	0.001806
82	2.198349	0.000204
83	2.196512	0.001956
84	2.198357	0.001488
85	2.197901	0.000009
86	2.197904	0.001389
87	2.198157	0.000454
88	2.197766	0.000257
89	2.198050	0.000138
90	2.197958	0.000107
91	2.197853	0.000192
92	2.198010	0.000197
93	2.197790	0.000052
94	2.197870	0.000063
95	2.197812	0.000140
96	2.197313	0.000022
97	2.197420	0.000558
98	2.198608	0.000392
99	2.198193	0.001296
100	2.198007	0.000773
101	2.197382	0.000601
102	2.198211	0.000812
103	2.197454	0.000204
104	2.197887	0.000073
105	2.197899	0.000324
106	2.202369	0.000445
107	2.197732	0.004482
108	2.198469	0.000167
109	2.198184	0.003900
110	2.198062	0.000451
111	2.197044	0.000407
112	2.198322	0.001139
113	2.197594	0.000260
114	2.197912	0.000549
115	2.197979	0.000410
116	2.196541	0.000385
117	2.197890	0.001372
118	2.194921	0.000089
119	2.198783	0.001620
120	2.198594	0.000893
121	2.197960	0.003673
122	2.197829	0.000822
123	2.198392	0.000766
124	2.197762	0.000431
125	2.198100	0.000066
126	2.198058	0.000292
127	2.197908	0.000296
128	2.198182	0.000191
129	2.197972	0.000123
130	2.198071	0.000064
131	2.198144	0.000111
132	2.198044	0.000171
133	2.198272	0.000027
134	2.198218	0.000128
135	2.198420	0.000174
136	2.194912	0.000148
137	2.197188	0.003306
138	2.197904	0.001232
139	2.198079	0.002992
140	2.199987	0.000891
141	2.197987	0.002083
142	2.197011	0.000091
143	2.199427	0.002976
144	2.196761	0.001439
145	2.198022	0.000250
146	2.198012	0.001405
147	2.197230	0.001251
148	2.198037	0.000791
149	2.197381	0.000024
150	2.197539	0.000151
151	2.197605	0.000498
152	2.198245	0.000224
153	2.198350	0.000707
154	2.197951	0.000745
155	2.197120	0.000295
156	2.198231	0.001230
157	2.193602	0.000281
158	2.197872	0.003518
159	2.197806	0.000359
160	2.198467	0.004204
161	2.197404	0.000595
162	2.198103	0.000402
163	2.197983	0.000364
164	2.197779	0.000579
165	2.198086	0.000324
166	2.197749	0.000103
167	2.197904	0.000030
168	2.197887	0.000182
169	2.197380	0.000138
170	2.197743	0.000524
171	2.200356	0.000144
172	2.198435	0.002976
173	2.198172	0.000693
174	2.197851	0.002183
175	2.196698	0.000585
176	2.198018	0.001474
177	2.198545	0.000167
178	2.197154	0.001847
179	2.198720	0.000864
180	2.197973	0.000175
181	2.197994	0.000819
182	2.198522	0.000726
183	2.197970	0.000549
184	2.198503	0.000024
185	2.198388	0.000019
186	2.198376	0.000418
187	2.197682	0.000127
188	2.197586	0.000707
189	2.198021	0.000791
190	2.198491	0.000339
191	2.197669	0.000906
192	2.198657	0.000351
193	2.198042	0.000165
194	2.198067	0.000373
195	2.199603	0.000590
196	2.198118	0.001561
197	2.196508	0.000051
198	2.197364	0.003095
199	2.197695	0.000754
200	2.198124	0.001187
201	2.198352	0.000761
202	2.197898	0.000657
203	2.201373	0.000226
204	2.198152	0.003021
205	2.198446	0.000254
206	2.197606	0.002927
207	2.196171	0.000546
208	2.198015	0.002275
209	2.198175	0.000409
210	2.196878	0.002004
211	2.198204	0.001137
212	2.197806	0.000029
213	2.197835	0.000928
214	2.198008	0.000369
215	2.197107	0.000202
216	2.197851	0.000728
217	2.197257	0.000158
218	2.198690	0.000150
219	2.198820	0.000839
220	2.197999	0.001563
221	2.197849	0.000691
222	2.198842	0.000972
223	2.197851	0.000843
224	2.198206	0.000002
225	2.198208	0.000636
226	2.198038	0.000358
227	2.200592	0.000167
228	2.198297	0.002384
229	2.195397	0.000259
230	2.197792	0.005195
231	2.197861	0.000506
232	2.198302	0.002464
233	2.197246	0.000511
234	2.198093	0.000615
235	2.197920	0.000209
236	2.197726	0.000673
237	2.198014	0.000368
238	2.197404	0.000094
239	2.197762	0.000322
240	2.197511	0.000252
241	2.198497	0.000107
242	2.198609	0.000735
243	2.198005	0.001097
244	2.197774	0.000493
245	2.198672	0.000835
246	2.197788	0.000668
247	2.198118	0.000014
248	2.198127	0.000555
249	2.197939	0.000339
250	2.198350	0.000179
251	2.198060	0.000223
252	2.198209	0.000121
253	2.198707	0.000141
254	2.198361	0.000647
255	2.197513	0.000152
256	2.197730	0.001194
257	2.197974	0.000630
258	2.198511	0.000462
259	2.197667	0.000780
260	2.198397	0.000307
261	2.198045	0.000114
262	2.198021	0.000378
263	2.198696	0.000376
264	2.198070	0.000651
265	2.199048	0.000049
266	2.220956	0.000353
267	2.195539	0.022887
268	2.197893	0.003509
269	2.198154	0.023064
270	2.198647	0.002615
271	2.198038	0.000755
272	2.197155	0.000116
273	2.199379	0.001492
274	2.197515	0.001341
275	2.198028	0.000360
276	2.198069	0.001351
277	2.197648	0.000555
278	2.198104	0.000381
279	2.197811	0.000035
280	2.197858	0.000164
281	2.197942	0.000246
282	2.197346	0.000130
283	2.197768	0.000513
284	2.195635	0.000174
285	2.198473	0.001710
286	2.198275	0.000706
287	2.197922	0.002640
288	2.197513	0.000551
289	2.198143	0.000762
290	2.196097	0.000221
291	2.197857	0.001416
292	2.197725	0.000286
293	2.198494	0.001629
294	2.196415	0.000637
295	2.198064	0.001311
296	2.197937	0.000430
297	2.197500	0.001522
298	2.198003	0.000564
299	2.196658	0.000066
300	2.197531	0.000842
301	2.196834	0.000472
302	2.198165	0.000176
303	2.198174	0.000634
304	2.197792	0.001341
305	2.198787	0.000373
306	2.197983	0.000612
307	2.198144	0.000191
308	2.198633	0.000642
309	2.198125	0.000650
310	2.197012	0.000020
311	2.196615	0.001621
312	2.197749	0.001510
313	2.198093	0.000738
314	2.198294	0.001478
315	2.197894	0.000544
316	2.198847	0.000199
317	2.198121	0.000554
318	2.198280	0.000227
319	2.197045	0.000568
320	2.199214	0.001076
321	2.197894	0.000934
322	2.198017	0.000848
323	2.198328	0.001197
324	2.197916	0.000434
325	2.198394	0.000100
326	2.198164	0.000067
327	2.198195	0.000247
328	2.195874	0.000200
329	2.198963	0.002290
330	2.197791	0.000768
331	2.197979	0.001917
332	2.198159	0.000984
333	2.197753	0.000369
334	2.198133	0.000225
335	2.197953	0.000026
336	2.197933	0.000199
337	2.198080	0.000200
338	2.197882	0.000127
339	2.198014	0.000051
340	2.197970	0.000065
341	2.197902	0.000088
342	2.197987	0.000112
343	2.197868	0.000017
344	2.197890	0.000034
345	2.197854	0.000097
346	2.197671	0.000015
347	2.197636	0.000218
348	2.193147	0.000217
349	2.198550	0.004524
350	2.198156	0.000914
351	2.197928	0.005009
352	2.196958	0.000622
353	2.198072	0.001198
354	2.200853	0.000144
355	2.197613	0.003895
356	2.197041	0.000459
357	2.198118	0.003813
358	2.198223	0.000505
359	2.197741	0.001182
360	2.198710	0.000377
361	2.197985	0.000487
362	2.198103	0.000245
363	2.198600	0.000607
364	2.198089	0.000614
365	2.194766	0.000014
366	2.185181	0.003834
367	2.197535	0.012908
368	2.197916	0.002769
369	2.198101	0.012735
370	2.196001	0.000567
371	2.198017	0.001915
372	2.197623	0.000084
373	2.196877	0.001621
374	2.197687	0.001140
375	2.198213	0.000065
376	2.198254	0.001336
377	2.197959	0.000567
378	2.190321	0.000254
379	2.198182	0.007933
380	2.199628	0.000223
381	2.197745	0.009308
382	2.197621	0.000437
383	2.198158	0.002008
384	2.198768	0.000414
385	2.197901	0.001147
386	2.197327	0.000258
387	2.198278	0.001441
388	2.201095	0.000377
389	2.197917	0.003768
390	2.197783	0.000360
391	2.198529	0.003312
392	2.197555	0.000611
393	2.198101	0.000228
394	2.198018	0.000428
395	2.197820	0.000463
396	2.198127	0.000281
397	2.197851	0.000109
398	2.197966	0.000032
399	2.197987	0.000161
400	2.197802	0.000135
401	2.197955	0.000164
402	2.197782	0.000032
403	2.197712	0.000020
404	2.197682	0.000243
405	2.200746	0.000100
406	2.198828	0.003034
407	2.198143	0.001147
408	2.197913	0.002603
409	2.197264	0.000916
410	2.198048	0.000879
411	2.202286	0.000135
412	2.197600	0.005022
413	2.196606	0.000447
414	2.198123	0.005680
415	2.198187	0.000523
416	2.197712	0.001581
417	2.198575	0.000411
418	2.197953	0.000388
419	2.198072	0.000241
420	2.198358	0.000503
421	2.198027	0.000404
422	2.198888	0.000046
423	2.198483	0.000530
424	2.199808	0.000456
425	2.197813	0.000920
426	2.197855	0.000670
427	2.198223	0.001953
428	2.197332	0.000410
429	2.198051	0.000523
430	2.197888	0.000172
431	2.197636	0.000556
432	2.197948	0.000415
433	2.196028	0.000060
434	2.197367	0.001608
435	2.200282	0.000581
436	2.198113	0.004254
437	2.198064	0.000746
438	2.197407	0.002218
439	2.198210	0.000706
440	2.197701	0.000146
441	2.197891	0.000294
442	2.197962	0.000319
443	2.196957	0.000261
444	2.197844	0.000934
445	2.194355	0.000119
446	2.198580	0.002602
447	2.198388	0.000736
448	2.197935	0.004033
449	2.197713	0.000645
450	2.198222	0.000674
451	2.197467	0.000287
452	2.197974	0.000246
453	2.197908	0.000249
454	2.197264	0.000441
455	2.197880	0.000709
456	2.201247	0.000029
457	2.199297	0.003983
458	2.198381	0.001417
459	2.197935	0.002866
460	2.197804	0.001361
461	2.198219	0.000576
462	2.197663	0.000284
463	2.198016	0.000141
464	2.197954	0.000204
465	2.197715	0.000291
466	2.197973	0.000301
467	2.197569	0.000018
468	2.197641	0.000146
469	2.197426	0.000332
470	2.198410	0.000143
471	2.198322	0.000769
472	2.197974	0.000896
473	2.197533	0.000436
474	2.198259	0.000788
475	2.197375	0.000286
476	2.197941	0.000159
477	2.197914	0.000319
478	2.195862	0.000540
479	2.197843	0.002078
480	2.198920	0.000071
481	2.198430	0.003058
482	2.198208	0.000587
483	2.197798	0.000712
484	2.197142	0.000632
485	2.198006	0.001066
486	2.198467	0.000208
487	2.197253	0.001325
488	2.198513	0.000753
489	2.197967	0.000047
490	2.197976	0.000714
491	2.198372	0.000538
492	2.197945	0.000405
493	2.198303	0.000031
494	2.198232	0.000069
495	2.198192	0.000288
496	2.196572	0.000112
497	2.201341	0.001660
498	2.197808	0.003149
499	2.198035	0.001236
500	2.198245	0.003306
501	2.197864	0.000437
502	2.198344	0.000171
503	2.198070	0.000098
504	2.198113	0.000205
505	2.198796	0.000230
506	2.198220	0.000727
507	2.196819	0.000107
508	2.197580	0.001978
509	2.197844	0.000641
510	2.198190	0.001026
511	2.200521	0.000611
512	2.198025	0.002677
513	2.197674	0.000165
514	2.189786	0.002848
515	2.197745	0.008239
516	2.198163	0.000071
517	2.198211	0.008377
518	2.197951	0.000466
519	2.199153	0.000212
520	2.198139	0.000942
521	2.198549	0.000187
522	2.197393	0.000604
523	2.196604	0.000746
524	2.197996	0.001945
525	2.198132	0.000602
526	2.196527	0.001528
527	2.198130	0.001469
528	2.197724	0.000003
529	2.197719	0.001197
530	2.197916	0.000410
531	2.199212	0.000192
532	2.197358	0.001492
533	2.198393	0.000558
534	2.198040	0.000818
535	2.197961	0.000682
536	2.198646	0.000432
537	2.198004	0.000605
538	2.198419	0.000043
539	2.198706	0.000226
540	2.198448	0.000702
541	2.197763	0.000029
542	2.197776	0.000943
543	2.198073	0.000672
544	2.029699	0.000309
545	2.197888	0.168077
546	2.197902	0.000185
547	2.198020	0.168202
548	2.197739	0.000132
549	2.197927	0.000163
550	2.197786	0.000093
551	2.197490	0.000047
552	2.197601	0.000438
553	2.198681	0.000185
554	2.198319	0.001192
555	2.198049	0.000718
556	2.197690	0.000632
557	2.198540	0.000629
558	2.197802	0.000491
559	2.198058	0.000112
560	2.198116	0.000482
561	2.197889	0.000314
562	2.198204	0.000169
563	2.198006	0.000088
564	2.198067	0.000118
565	2.198220	0.000137
566	2.198077	0.000214
567	2.198410	0.000009
568	2.198449	0.000191
569	2.199301	0.000373
570	2.197668	0.000891
571	2.197830	0.000781
572	2.198109	0.001470
573	2.206618	0.000441
574	2.197958	0.008787
575	2.197487	0.000151
576	2.199155	0.009130
577	2.197093	0.001197
578	2.198056	0.000395
579	2.198017	0.001098
580	2.197582	0.000924
581	2.198077	0.000474
582	2.197655	0.000060
583	2.197794	0.000073
584	2.197827	0.000283
585	2.199645	0.000172
586	2.196876	0.001851
587	2.198235	0.000951
588	2.198022	0.001411
589	2.197858	0.001145
590	2.198290	0.000377
591	2.197889	0.000269
592	2.198086	0.000031
593	2.198114	0.000204
594	2.197981	0.000225
595	2.198251	0.000104
596	2.198094	0.000137
597	2.198218	0.000113
598	2.198655	0.000033
599	2.198530	0.000561
600	2.197510	0.000313
601	2.197794	0.001145
602	2.198010	0.000736
603	2.198770	0.000500
604	2.197816	0.000976
605	2.198958	0.000194
606	2.198161	0.000188
607	2.198181	0.000346
608	2.197446	0.000777
609	2.198811	0.000716
610	2.197876	0.000630
611	2.198030	0.000430
612	2.198240	0.000780
613	2.197916	0.000364
614	2.198322	0.000115
615	2.198116	0.000082
616	2.198160	0.000200
617	2.199654	0.000162
618	2.198439	0.001539
619	2.197565	0.000279
620	2.197840	0.002089
621	2.198004	0.000600
622	2.199905	0.000439
623	2.197849	0.002065
624	2.200501	0.000155
625	2.198277	0.000596
626	2.198294	0.000428
627	2.197776	0.002207
628	2.197030	0.000501
629	2.198034	0.001264
630	2.198384	0.000258
631	2.197442	0.001354
632	2.198572	0.000592
633	2.197969	0.000188
634	2.198005	0.000527
635	2.198415	0.000566
636	2.197977	0.000446
637	2.198451	0.000028
638	2.198339	0.000036
639	2.198366	0.000362
640	2.197600	0.000085
641	2.197502	0.000739
642	2.197994	0.000864
643	2.198325	0.000394
644	2.197481	0.000823
645	2.198314	0.000513
646	2.197957	0.000010
647	2.197954	0.000476
648	2.198221	0.000361
649	2.197910	0.000263
650	2.198149	0.000043
651	2.198098	0.000071
652	2.198050	0.000188
653	2.198351	0.000099
654	2.198166	0.000253
655	2.198621	0.000117
656	2.194360	0.000271
657	2.197228	0.003807
658	2.197941	0.001394
659	2.198078	0.003581
660	2.192895	0.000851
661	2.198020	0.005046
662	2.197446	0.000058
663	2.196444	0.004552
664	2.197573	0.001577
665	2.198137	0.000127
666	2.198170	0.001693
667	2.197867	0.000597
668	2.198571	0.000270
669	2.198028	0.000401
670	2.198182	0.000162
671	2.198909	0.000389
672	2.198239	0.000881
673	2.197511	0.000057
674	2.197644	0.001398
675	2.197926	0.000595
676	2.198369	0.000415
677	2.197168	0.000725
678	2.198198	0.000758
679	2.197937	0.000171
680	2.197852	0.000768
681	2.198112	0.000346
682	2.197748	0.000175
683	2.197975	0.000104
684	2.197912	0.000137
685	2.197691	0.000164
686	2.197885	0.000284
687	2.197201	0.000027
688	2.196745	0.000491
689	2.199260	0.001139
690	2.198113	0.002059
691	2.198007	0.001367
692	2.197233	0.001253
693	2.198125	0.000880
694	2.197332	0.000118
695	2.197779	0.000100
696	2.197796	0.000346
697	2.198496	0.000463
698	2.195180	0.000718
699	2.198102	0.002616
700	2.197923	0.000394
701	2.197598	0.002744
702	2.198025	0.000504
703	2.196894	0.000102
704	2.197691	0.000704
705	2.197320	0.000334
706	2.198259	0.000426
707	2.198333	0.000568
708	2.197907	0.001013
709	2.197132	0.000352
710	2.198155	0.001201
711	2.199926	0.000247
712	2.197806	0.002793
713	2.197568	0.000349
714	2.198218	0.002358
715	2.199076	0.000413
716	2.197927	0.001508
717	2.197638	0.000291
718	2.198411	0.001438
719	2.197153	0.000484
720	2.198016	0.000484
721	2.197947	0.000395
722	2.197361	0.000794
723	2.197966	0.000655
724	2.196187	0.000019
725	2.196902	0.001174
726	2.215241	0.001064
727	2.198076	0.019054
728	2.198093	0.001174
729	2.197274	0.017148
730	2.198200	0.000802
731	2.197731	0.000107
732	2.197865	0.000457
733	2.197969	0.000335
734	2.196751	0.000237
735	2.197823	0.001114
736	2.193925	0.000146
737	2.198450	0.002826
738	2.198334	0.000627
739	2.197908	0.004409
740	2.197594	0.000542
741	2.198157	0.000741
742	2.196389	0.000248
743	2.197891	0.001205
744	2.197758	0.000266
745	2.198749	0.001369
746	2.197313	0.000858
747	2.198117	0.000445
748	2.198010	0.000632
749	2.197781	0.000697
750	2.198133	0.000336
751	2.197803	0.000123
752	2.197947	0.000022
753	2.197960	0.000185
754	2.197695	0.000157
755	2.197906	0.000252
756	2.197562	0.000054
757	2.197155	0.000134
758	2.195741	0.000751
759	2.198213	0.001821
760	2.198085	0.001058
761	2.197807	0.002344
762	2.198469	0.000406
763	2.197920	0.000384
764	2.198104	0.000114
765	2.198232	0.000365
766	2.198024	0.000312
767	2.198648	0.000080
768	2.198292	0.000415
769	2.198998	0.000269
770	2.197650	0.000350
771	2.197724	0.000642
772	2.198088	0.001274
773	2.198760	0.000438
774	2.197875	0.001036
775	2.195372	0.000213
776	2.198231	0.003388
777	2.198531	0.000356
778	2.197817	0.003160
779	2.197452	0.000414
780	2.198125	0.001079
781	2.198824	0.000308
782	2.197822	0.001371
783	2.197073	0.000303
784	2.198174	0.001751
785	2.198523	0.000352
786	2.197821	0.001451
787	2.197104	0.000353
788	2.198127	0.001419
789	2.198530	0.000306
790	2.197764	0.001426
791	2.195931	0.000363
792	2.198090	0.002599
793	2.198279	0.000326
794	2.197579	0.002347
795	2.198733	0.000510
796	2.197959	0.000455
797	2.198049	0.000380
798	2.198453	0.000685
799	2.198010	0.000493
800	2.198908	0.000039
801	2.198523	0.000456
802	2.199182	0.000513
803	2.197826	0.000274
804	2.197845	0.000697
805	2.198209	0.001337
806	2.197338	0.000383
807	2.198036	0.000507
808	2.197880	0.000173
809	2.197581	0.000542
810	2.197925	0.000455
811	2.188915	0.000045
812	2.196825	0.008666
813	2.198768	0.001100
814	2.198025	0.009853
815	2.197983	0.001200
816	2.199334	0.000786
817	2.198010	0.001309
818	2.198958	0.000027
819	2.199980	0.000376
820	2.199261	0.001970
821	2.197915	0.000303
822	2.197927	0.002065
823	2.198395	0.001333
824	2.197825	0.000480
825	2.198212	0.000103
826	2.198097	0.000183
827	2.198024	0.000273
828	2.198528	0.000188
829	2.198131	0.000431
830	2.198761	0.000106
831	2.196137	0.000232
832	2.197058	0.001993
833	2.197967	0.001702
834	2.198084	0.001830
835	2.195848	0.001026
836	2.198051	0.002119
837	2.197552	0.000033
838	2.197352	0.001704
839	2.197731	0.000700
840	2.198244	0.000179
841	2.198399	0.000892
842	2.197991	0.000668
843	2.197282	0.000252
844	2.198375	0.001116
845	2.197209	0.000384
846	2.197948	0.000073
847	2.197941	0.000427
848	2.194608	0.000732
849	2.197886	0.003340
850	2.199292	0.000056
851	2.198555	0.004684
852	2.198315	0.000669
853	2.197856	0.000977
854	2.197638	0.000698
855	2.198095	0.000677
856	2.178629	0.000239
857	2.197843	0.019009
858	2.197514	0.000252
859	2.198323	0.018885
860	2.199485	0.000480
861	2.197963	0.001971
862	2.197783	0.000361
863	2.198729	0.001703
864	2.197705	0.000767
865	2.198131	0.000078
866	2.198088	0.000599
867	2.197908	0.000383
868	2.198287	0.000222
869	2.198000	0.000199
870	2.198133	0.000091
871	2.198292	0.000154
872	2.198136	0.000292
873	2.199813	0.000003
874	2.199948	0.001521
875	2.197488	0.001812
876	2.197937	0.002324
877	2.198077	0.002011
878	2.196609	0.000589
879	2.198016	0.001328
880	2.197582	0.000061
881	2.197077	0.000973
882	2.197651	0.000938
883	2.198213	0.000069
884	2.198250	0.001135
885	2.197947	0.000598
886	2.186407	0.000266
887	2.198160	0.011843
888	2.199098	0.000214
889	2.197709	0.012691
890	2.197484	0.000452
891	2.198117	0.001614
892	2.198439	0.000409
893	2.197820	0.000955
894	2.152850	0.000297
895	2.198106	0.045589
896	2.198239	0.000286
897	2.197601	0.045389
898	2.198695	0.000505
899	2.197946	0.000456
900	2.198050	0.000345
901	2.198383	0.000645
902	2.197999	0.000437
903	2.198713	0.000051
904	2.198390	0.000330
905	2.198731	0.000390
906	2.197750	0.000018
907	2.197753	0.000640
908	2.198110	0.000978
909	2.201043	0.000361
910	2.197913	0.003289
911	2.197432	0.000197
912	2.198505	0.003610
913	2.190268	0.000592
914	2.197994	0.007165
915	2.197919	0.000512
916	2.179996	0.007652
917	2.197915	0.017998
918	2.198661	0.000004
919	2.198626	0.018665
920	2.198284	0.000710
921	2.197817	0.000377
922	2.197630	0.000808
923	2.198053	0.000654
924	2.200025	0.000236
925	2.197776	0.002394
926	2.196218	0.000278
927	2.198192	0.003807
928	2.198305	0.000416
929	2.197796	0.002087
930	2.194556	0.000396
931	2.198049	0.003749
932	2.198294	0.000253
933	2.197233	0.003738
934	2.198486	0.000816
935	2.197915	0.000192
936	2.197969	0.000682
937	2.198228	0.000516
938	2.197881	0.000314
939	2.198178	0.000088
940	2.198075	0.000050
941	2.198044	0.000194
942	2.198347	0.000133
943	2.198130	0.000272
944	2.198573	0.000086
945	2.202333	0.000226
946	2.196491	0.004203
947	2.197891	0.002082
948	2.198041	0.004443
949	2.198774	0.001550
950	2.197940	0.000883
951	2.200313	0.000101
952	2.198387	0.001540
953	2.198639	0.000447
954	2.197834	0.001674
955	2.197731	0.000553
956	2.198160	0.000908
957	2.195305	0.000326
958	2.197943	0.002426
959	2.197735	0.000217
960	2.199498	0.002430
961	2.197558	0.001555
962	2.198148	0.000177
963	2.198082	0.001350
964	2.197873	0.000524
965	2.198306	0.000275
966	2.197965	0.000224
967	2.198106	0.000092
968	2.198230	0.000200
969	2.198069	0.000265
970	2.198653	0.000037
971	2.198442	0.000423
972	2.205149	0.000373
973	2.197763	0.006496
974	2.197866	0.000679
975	2.198218	0.007283
976	2.197091	0.000456
977	2.198057	0.000775
978	2.197861	0.000161
979	2.197584	0.000769
980	2.197931	0.000473
981	2.204248	0.000071
982	2.196973	0.006664
983	2.198701	0.000958
984	2.198061	0.005547
985	2.197982	0.001088
986	2.203217	0.000719
987	2.198045	0.005157
988	2.200093	0.000063
989	2.196581	0.003124
990	2.195631	0.001465
991	2.198022	0.004462
992	2.198054	0.001441
993	2.196884	0.002422
994	2.198080	0.001137
995	2.197520	0.000026
996	2.197627	0.000636
997	2.197774	0.000452
998	2.198358	0.000254
999	2.199020	0.000731
1000	2.198055	0.001246
1001	2.197774	0.000303
1002	2.188974	0.001246
1003	2.197865	0.009080
1004	2.198237	0.000091
1005	2.198407	0.009263
1006	2.198066	0.000542
1007	2.197268	0.000171
1008	2.199020	0.001139
1009	2.197662	0.000954
1010	2.198023	0.000395
1011	2.198094	0.000997
1012	2.197733	0.000431
1013	2.198125	0.000290
1014	2.197886	0.000032
1015	2.197917	0.000153
1016	2.198012	0.000209
1017	2.197764	0.000125
1018	2.197932	0.000153
1019	2.197792	0.000079
1020	2.197573	0.000027
1021	2.197630	0.000359
1022	2.198939	0.000161
1023	2.198402	0.001365
1024	2.198078	0.000772
1025	2.197788	0.000861
1026	2.199280	0.000614
1027	2.197902	0.001202
1028	2.198177	0.000113
1029	2.198355	0.001102
1030	2.198062	0.000454
1031	2.195710	0.000115
1032	2.198748	0.002645
1033	2.197423	0.000687
1034	2.197962	0.001712
1035	2.198022	0.000787
1036	2.196982	0.000600
1037	2.197987	0.000980
1038	2.197330	0.000036
1039	2.196689	0.000348
1040	2.197207	0.001297
1041	2.198126	0.000123
1042	2.198111	0.001437
1043	2.197776	0.000904
1044	2.198331	0.000349
1045	2.197927	0.000220
1046	2.198047	0.000150
1047	2.198180	0.000284
1048	2.197978	0.000253
1049	2.198277	0.000069
1050	2.198150	0.000097
1051	2.198233	0.000172
1052	2.200339	0.000044
1053	2.199236	0.002188
1054	2.197731	0.001003
1055	2.197930	0.002607
1056	2.198136	0.001306
1057	2.197483	0.000405
1058	2.198058	0.000447
1059	2.197842	0.000078
1060	2.197715	0.000359
1061	2.197917	0.000343
1062	2.195132	0.000076
1063	2.197353	0.002584
1064	2.198861	0.000564
1065	2.198099	0.003730
1066	2.198022	0.000746
1067	2.196594	0.000839
1068	2.198130	0.001505
1069	2.197175	0.000108
1070	2.197725	0.000581
1071	2.197779	0.000405
1072	2.198334	0.000604
1073	2.201411	0.000609
1074	2.198050	0.003633
1075	2.197820	0.000285
1076	2.196548	0.003591
1077	2.197892	0.001501
1078	2.198415	0.000072
1079	2.198804	0.001867
1080	2.198169	0.000912
1081	2.197778	0.000246
1082	2.197413	0.001026
1083	2.197972	0.000756
1084	2.198554	0.000194
1085	2.197141	0.001141
1086	2.198417	0.000831
1087	2.197974	0.000138
1088	2.197948	0.000832
1089	2.198331	0.000469
1090	2.197922	0.000357
1091	2.198213	0.000026
1092	2.198173	0.000117
1093	2.198106	0.000251
1094	2.199412	0.000108
1095	2.198441	0.001239
1096	2.197214	0.000335
1097	2.197832	0.002198
1098	2.197958	0.000608
1099	2.198642	0.000745
1100	2.197763	0.000810
1101	2.198408	0.000195
1102	2.198107	0.000235
1103	2.198063	0.000344
1104	2.201724	0.000345
1105	2.198200	0.003617
1106	2.196962	0.000137
1107	2.197707	0.004763
1108	2.197836	0.000493
1109	2.198279	0.000875
1110	2.193410	0.000573
1111	2.198065	0.004426
1112	2.197840	0.000215
1113	2.197354	0.004430
1114	2.197924	0.000711
1115	2.198856	0.000083
1116	2.189402	0.001503
1117	2.198355	0.008521
1118	2.197968	0.000502
1119	2.197875	0.008566
1120	2.198270	0.000479
1121	2.197834	0.000303
1122	2.198092	0.000042
1123	2.198059	0.000179
1124	2.197945	0.000225
1125	2.198171	0.000147
1126	2.198006	0.000113
1127	2.198101	0.000061
1128	2.198185	0.000070
1129	2.198112	0.000179
1130	2.198460	0.000010
1131	2.198506	0.000275
1132	2.146936	0.000394
1133	2.197726	0.051524
1134	2.197989	0.000780
1135	2.198128	0.051053
1136	2.197703	0.000402
1137	2.198117	0.000286
1138	2.197905	0.000011
1139	2.197895	0.000202
1140	2.198021	0.000222
1141	2.197758	0.000115
1142	2.197922	0.000137
1143	2.197803	0.000099
1144	2.197511	0.000044
1145	2.197617	0.000411
1146	2.198836	0.000186
1147	2.198343	0.001325
1148	2.198067	0.000726
1149	2.197742	0.000769
1150	2.198761	0.000601
1151	2.197860	0.000694
1152	2.198109	0.000118
1153	2.198210	0.000652
1154	2.197979	0.000349
1155	2.198587	0.000130
1156	2.198178	0.000378
1157	2.198472	0.000199
1158	2.197266	0.000116
1159	2.196988	0.000912
1160	2.197969	0.001484
1161	2.198133	0.000703
1162	2.195697	0.001145
1163	2.198098	0.002272
1164	2.197694	0.000035
1165	2.197598	0.001997
1166	2.197871	0.000499
1167	2.198535	0.000177
1168	2.180222	0.000936
1169	2.198179	0.017649
1170	2.197937	0.000356
1171	2.197743	0.017716
1172	2.198099	0.000436
1173	2.197550	0.000161
1174	2.197897	0.000193
1175	2.197815	0.000202
1176	2.193926	0.000265
1177	2.197557	0.003971
1178	2.198319	0.000258
1179	2.198132	0.004393
1180	2.197970	0.000575
1181	2.200600	0.000349
1182	2.198097	0.002468
1183	2.199078	0.000128
1184	2.197317	0.001522
1185	2.196892	0.000780
1186	2.198031	0.002186
1187	2.198134	0.000713
1188	2.197370	0.001242
1189	2.198182	0.000660
1190	2.197815	0.000049
1191	2.197864	0.000444
1192	2.198001	0.000318
1193	2.197399	0.000186
1194	2.197869	0.000465
1195	2.197424	0.000132
1196	2.199517	0.000025
1197	2.199682	0.001648
1198	2.198058	0.002258
1199	2.197929	0.001459
1200	2.196164	0.001752
1201	2.197991	0.001894
1202	2.199359	0.000061
1203	2.195595	0.003195
1204	2.199154	0.002396
1205	2.197994	0.000205
1206	2.197987	0.002400
1207	2.199076	0.001168
1208	2.197983	0.001081
1209	2.198868	0.000003
1210	2.198822	0.000207
1211	2.198691	0.000838
1212	2.197868	0.000177
1213	2.197849	0.000954
1214	2.198208	0.000842
1215	2.197553	0.000340
1216	2.198038	0.000296
1217	2.197918	0.000170
1218	2.197700	0.000364
1219	2.197961	0.000339
1220	2.197297	0.000043
1221	2.197574	0.000403
1222	2.196544	0.000387
1223	2.198242	0.000753
1224	2.198174	0.000668
1225	2.197848	0.001630
1226	2.200403	0.000393
1227	2.198018	0.002228
1228	2.198291	0.000169
1229	2.229197	0.002112
1230	2.198350	0.031179
1231	2.197789	0.000059
1232	2.197817	0.031408
1233	2.198060	0.000533
1234	2.196580	0.000271
1235	2.197902	0.001237
1236	2.197502	0.000158
1237	2.198945	0.000922
1238	2.191281	0.001043
1239	2.198048	0.006220
1240	2.197972	0.000896
1241	2.197134	0.006691
1242	2.198023	0.000914
1243	2.196458	0.000050
1244	2.197407	0.000676
1245	2.197131	0.000616
1246	2.198130	0.000673
1247	2.198167	0.000723
1248	2.197772	0.001035
1249	2.198520	0.000358
1250	2.197967	0.000354
1251	2.198092	0.000195
1252	2.198376	0.000428
1253	2.198059	0.000409
1254	2.199506	0.000034
1255	2.198787	0.001130
1256	2.195969	0.000728
1257	2.197894	0.003537
1258	2.197967	0.000892
1259	2.198705	0.001998
1260	2.197855	0.000810
1261	2.198480	0.000112
1262	2.198194	0.000224
1263	2.198148	0.000339
1264	2.197179	0.000333
1265	2.198790	0.001016
1266	2.197803	0.000643
1267	2.198002	0.000624
1268	2.198153	0.000788
1269	2.197810	0.000350
1270	2.198159	0.000192
1271	2.197979	0.000006
1272	2.197983	0.000169
1273	2.198133	0.000176
1274	2.197964	0.000154
1275	2.198114	0.000019
1276	2.198092	0.000018
1277	2.198076	0.000128
1278	2.198264	0.000039
1279	2.198198	0.000172
1280	2.198569	0.000122
1281	2.177911	0.000304
1282	2.197358	0.020287
1283	2.197948	0.001210
1284	2.198049	0.020037
1285	2.196241	0.000691
1286	2.198000	0.001708
1287	2.197380	0.000049
1288	2.196372	0.001139
1289	2.197399	0.001628
1290	2.198123	0.000019
1291	2.198126	0.001751
1292	2.197806	0.000727
1293	2.198361	0.000316
1294	2.197956	0.000235
1295	2.198074	0.000150
1296	2.198249	0.000286
1297	2.198032	0.000293
1298	2.198516	0.000043
1299	2.198338	0.000267
1300	2.198830	0.000307
1301	2.197644	0.000314
1302	2.197738	0.000694
1303	2.198075	0.001092
1304	2.198812	0.000431
1305	2.197867	0.001074
1306	2.193622	0.000207
1307	2.198227	0.005190
1308	2.198450	0.000360
1309	2.197802	0.004828
1310	2.197316	0.000425
1311	2.198096	0.001133
1312	2.198568	0.000294
1313	2.197746	0.001251
1314	2.189542	0.000350
1315	2.198087	0.009025
1316	2.198212	0.000340
1317	2.197475	0.008669
1318	2.198474	0.000612
1319	2.197903	0.000262
1320	2.197994	0.000428
1321	2.198206	0.000480
1322	2.197900	0.000302
1323	2.198200	0.000095
1324	2.198078	0.000006
1325	2.198075	0.000179
1326	2.198408	0.000125
1327	2.198176	0.000329
1328	2.199231	0.000102
1329	2.196560	0.000823
1330	2.197565	0.001617
1331	2.198001	0.001666
1332	2.198172	0.001441
1333	2.197580	0.000607
1334	2.198177	0.000421
1335	2.197899	0.000006
1336	2.197903	0.000319
1337	2.198060	0.000274
1338	2.197762	0.000160
1339	2.197969	0.000141
1340	2.197864	0.000090
1341	2.197695	0.000101
1342	2.197822	0.000274
1343	2.196021	0.000041
1344	2.226636	0.001674
1345	2.198382	0.028814
1346	2.198159	0.002361
1347	2.197831	0.028477
1348	2.195098	0.000551
1349	2.197996	0.003061
1350	2.198369	0.000165
1351	2.194739	0.003272
1352	2.198362	0.003257
1353	2.197887	0.000007
1354	2.197885	0.003148
1355	2.198144	0.000478
1356	2.197703	0.000256
1357	2.198024	0.000182
1358	2.197918	0.000120
1359	2.197765	0.000216
1360	2.197947	0.000259
1361	2.197512	0.000029
1362	2.197630	0.000253
1363	2.196981	0.000317
1364	2.198356	0.000531
1365	2.198226	0.000725
1366	2.197921	0.001246
1367	2.196979	0.000435
1368	2.198112	0.001247
1369	2.200168	0.000192
1370	2.197723	0.003189
1371	2.197394	0.000389
1372	2.198157	0.002774
1373	2.198407	0.000434
1374	2.197845	0.001012
1375	2.195744	0.000312
1376	2.198118	0.002662
1377	2.198430	0.000272
1378	2.197659	0.002686
1379	2.307277	0.000458
1380	2.198027	0.108846
1381	2.198259	0.000367
1382	2.195780	0.109018
1383	2.198337	0.002247
1384	2.197843	0.000078
1385	2.197883	0.002064
1386	2.198093	0.000454
1387	2.197588	0.000249
1388	2.197982	0.000295
1389	2.197820	0.000110
1390	2.197515	0.000232
1391	2.197794	0.000467
1392	2.199033	0.000026
1393	2.198783	0.001518
1394	2.198168	0.000989
1395	2.197876	0.000865
1396	2.197391	0.000907
1397	2.198034	0.000776
1398	2.199751	0.000158
1399	2.197597	0.002360
1400	2.189333	0.000436
1401	2.198098	0.010418
1402	2.198129	0.000501
1403	2.197530	0.008796
1404	2.198306	0.000568
1405	2.197846	0.000177
1406	2.197960	0.000316
1407	2.198083	0.000347
1408	2.197784	0.000237
1409	2.198043	0.000175
1410	2.197904	0.000040
1411	2.197857	0.000120
1412	2.197954	0.000186
1413	2.197683	0.000049
1414	2.197787	0.000174
1415	2.197508	0.000167
1416	2.199951	0.000175
1417	2.198721	0.002164
1418	2.198081	0.001214
1419	2.197896	0.001870
1420	2.192732	0.000825
1421	2.197983	0.005349
1422	2.198575	0.000086
1423	2.208193	0.005843
1424	2.198482	0.010210
1425	2.197890	0.000093
1426	2.197874	0.010302
1427	2.198189	0.000607
1428	2.197686	0.000299
1429	2.198046	0.000188
1430	2.197945	0.000143
1431	2.197795	0.000258
1432	2.197993	0.000251
1433	2.197674	0.000049
1434	2.197788	0.000121
1435	2.197661	0.000206
1436	2.199772	0.000013
1437	2.199552	0.001984
1438	2.198120	0.001890
1439	2.197931	0.001652
1440	2.197367	0.001620
1441	2.198047	0.000753
1442	2.194474	0.000115
1443	2.197636	0.002893
1444	2.197206	0.000411
1445	2.198164	0.002732
1446	2.198259	0.000528
1447	2.197824	0.001053
1448	2.200502	0.000340
1449	2.198047	0.002243
1450	2.198254	0.000223
1451	2.196130	0.002248
1452	2.198400	0.001917
1453	2.197846	0.000146
1454	2.197910	0.001716
1455	2.198116	0.000491
1456	2.197674	0.000270
1457	2.198024	0.000236
1458	2.197882	0.000092
1459	2.197743	0.000208
1460	2.197914	0.000281
1461	2.197140	0.000032
1462	2.197421	0.000603
1463	2.200475	0.000493
1464	2.198170	0.003334
1465	2.198073	0.000749
1466	2.197633	0.002402
1467	2.198328	0.000538
1468	2.197810	0.000254
1469	2.197991	0.000178
1470	2.198066	0.000337
1471	2.197799	0.000256
1472	2.198059	0.000192
1473	2.197895	0.000007
1474	2.197887	0.000096
1475	2.197962	0.000172
1476	2.197725	0.000066
1477	2.197839	0.000162
1478	2.197616	0.000123
1479	2.195422	0.000109
1480	2.201363	0.002417
1481	2.198165	0.003747
1482	2.198029	0.002743
1483	2.197638	0.003334
1484	2.198217	0.000527
1485	2.197728	0.000189
1486	2.197946	0.000090
1487	2.197977	0.000272
1488	2.197556	0.000249
1489	2.197924	0.000389
1490	2.197439	0.000054
1491	2.196612	0.000117
1492	2.194944	0.001312
1493	2.198141	0.002495
1494	2.198047	0.001529
1495	2.197695	0.003103
1496	2.198220	0.000445
1497	2.197802	0.000173
1498	2.197966	0.000107
1499	2.198015	0.000254
1500	2.197739	0.000212
1501	2.197983	0.000227
1502	2.197776	0.000032
1503	2.197703	0.000037
1504	2.197746	0.000280
1505	2.200063	0.000030
1506	2.199305	0.002360
1507	2.198169	0.001560
1508	2.197929	0.001894
1509	2.197555	0.001376
1510	2.198083	0.000615
1511	2.196774	0.000154
1512	2.197793	0.000781
1513	2.197624	0.000290
1514	2.198377	0.000850
1515	2.199247	0.000584
1516	2.198003	0.001624
1517	2.197800	0.000374
1518	2.199452	0.001447
1519	2.197810	0.001449
1520	2.198196	0.000010
1521	2.198207	0.001256
1522	2.198007	0.000396
1523	2.199986	0.000190
1524	2.198224	0.001780
1525	2.201031	0.000217
1526	2.197710	0.001045
1527	2.197731	0.000514
1528	2.198160	0.003300
1529	2.199187	0.000450
1530	2.197943	0.001456
1531	2.197504	0.000217
1532	2.198509	0.001683
1533	2.196868	0.000566
1534	2.198006	0.000636
1535	2.197953	0.000504
1536	2.197044	0.001085
1537	2.197961	0.000962
1538	2.192324	0.000008
1539	2.194983	0.004720
1540	2.199886	0.002978
1541	2.197986	0.007562
1542	2.198006	0.003003
1543	2.199314	0.001879
1544	2.197995	0.001329
1545	2.199704	0.000012
1546	2.199221	0.000389
1547	2.199552	0.001227
1548	2.197922	0.000151
1549	2.197919	0.001299
1550	2.198458	0.001633
1551	2.197824	0.000536
1552	2.198226	0.000096
1553	2.198114	0.000232
1554	2.198031	0.000290
1555	2.198698	0.000195
1556	2.198160	0.000584
1557	2.199330	0.000128
1558	2.197271	0.000631
1559	2.197526	0.000888
1560	2.198036	0.001804
1561	2.198217	0.000765
1562	2.197677	0.000691
1563	2.198304	0.000359
1564	2.197958	0.000087
1565	2.197996	0.000281
1566	2.198214	0.000308
1567	2.197956	0.000257
1568	2.198211	0.000040
1569	2.198148	0.000003
1570	2.198146	0.000192
1571	2.198937	0.000066
1572	2.198514	0.000790
1573	2.197352	0.000369
1574	2.197826	0.001585
1575	2.197985	0.000688
1576	2.198733	0.000633
1577	2.197806	0.000907
1578	2.198617	0.000179
1579	2.198149	0.000117
1580	2.198132	0.000343
1581	2.197041	0.000484
1582	2.198465	0.001108
1583	2.197765	0.000333
1584	2.197952	0.000724
1585	2.198078	0.000513
1586	2.197649	0.000312
1587	2.198030	0.000304
1588	2.197824	0.000047
1589	2.197739	0.000176
1590	2.197872	0.000291
1591	2.194927	0.000047
1592	2.196968	0.002813
1593	2.198496	0.000904
1594	2.198063	0.003569
1595	2.197955	0.001095
1596	2.199490	0.000542
1597	2.198019	0.001427
1598	2.198652	0.000064
1599	2.201903	0.000838
1600	2.198920	0.003884
1601	2.197901	0.000268
1602	2.197922	0.004002
1603	2.198305	0.000998
1604	2.197797	0.000405
1605	2.198160	0.000126
1606	2.198049	0.000145
1607	2.197976	0.000253
1608	2.198253	0.000184
1609	2.198028	0.000203
1610	2.198210	0.000051
1611	2.198331	0.000043
1612	2.198273	0.000304
1613	2.196490	0.000063
1614	2.197209	0.001841
1615	2.197866	0.001064
1616	2.198105	0.001376
1617	2.198935	0.000896
1618	2.197980	0.001069
1619	2.196874	0.000125
1620	2.198694	0.002061
1621	2.196129	0.000715
1622	2.197978	0.000746
1623	2.197961	0.000716
1624	2.191332	0.001832
1625	2.197940	0.006646
1626	2.199769	0.000021
1627	2.199037	0.008437
1628	2.198582	0.001097
1629	2.197916	0.001187
1630	2.197849	0.001121
1631	2.198263	0.000733
1632	2.197695	0.000347
1633	2.198066	0.000153
1634	2.197986	0.000197
1635	2.197832	0.000291
1636	2.198054	0.000234
1637	2.197814	0.000068
1638	2.197906	0.000018
1639	2.197893	0.000148
1640	2.197590	0.000079
1641	2.197756	0.000316
1642	2.195130	0.000137
1643	2.198737	0.002460
1644	2.198252	0.000981
1645	2.197957	0.003122
1646	2.197623	0.000780
1647	2.198177	0.000630
1648	2.197408	0.000220
1649	2.197915	0.000214
1650	2.197866	0.000262
1651	2.188394	0.000458
1652	2.197727	0.009522
1653	2.198409	0.000139
1654	2.198193	0.010015
1655	2.198046	0.000466
1656	2.196889	0.000362
1657	2.198295	0.001304
1658	2.197480	0.000249
1659	2.197892	0.000591
1660	2.197946	0.000403
1661	2.211615	0.000466
1662	2.197822	0.013722
1663	2.198973	0.000124
1664	2.198305	0.012642
1665	2.198189	0.000482
1666	2.197732	0.000784
1667	2.194118	0.000573
1668	2.197963	0.004071
1669	2.198219	0.000231
1670	2.200423	0.004101
1671	2.198161	0.002460
1672	2.197715	0.000058
1673	2.197607	0.002708
1674	2.197937	0.000554
1675	2.198607	0.000222
1676	2.197161	0.001001
1677	2.198320	0.000776
1678	2.197982	0.000287
1679	2.197919	0.000822
1680	2.198279	0.000401
1681	2.197902	0.000297
1682	2.198142	0.000017
1683	2.198122	0.000137
1684	2.198038	0.000220
1685	2.198408	0.000105
1686	2.198180	0.000285
1687	2.198653	0.000142
1688	2.196635	0.000246
1689	2.197354	0.001544
1690	2.197966	0.001299
1691	2.198127	0.001330
1692	2.196881	0.000773
1693	2.198088	0.001085
1694	2.197740	0.000039
1695	2.197654	0.000860
1696	2.197884	0.000435
1697	2.198870	0.000144
1698	2.196175	0.001217
1699	2.198264	0.001710
1700	2.197976	0.000606
1701	2.197853	0.001801
1702	2.198219	0.000411
1703	2.197821	0.000243
1704	2.198047	0.000032
1705	2.198026	0.000172
1706	2.197890	0.000205
1707	2.198078	0.000157
1708	2.197923	0.000052
1709	2.197975	0.000033
1710	2.198003	0.000103
1711	2.197897	0.000080
1712	2.197981	0.000078
1713	2.197904	0.000023
1714	2.197876	0.000007
1715	2.197883	0.000105
1716	2.197721	0.000020
1717	2.197675	0.000155
1718	2.196996	0.000209
1719	2.198847	0.000725
1720	2.198256	0.001172
1721	2.197996	0.001260
1722	2.197658	0.000851
1723	2.198252	0.000598
1724	2.197652	0.000257
1725	2.197969	0.000006
1726	2.197967	0.000283
1727	2.197535	0.000315
1728	2.197938	0.000434
1729	2.197322	0.000030
1730	2.196878	0.000214
1731	2.194677	0.001060
1732	2.198133	0.002645
1733	2.198056	0.001255
1734	2.197676	0.003379
1735	2.198226	0.000458
1736	2.197805	0.000170
1737	2.197962	0.000130
1738	2.198020	0.000264
1739	2.197734	0.000214
1740	2.197984	0.000227
1741	2.197781	0.000035
1742	2.197701	0.000047
1743	2.197754	0.000284
1744	2.200217	0.000027
1745	2.199405	0.002516
1746	2.198178	0.001651
1747	2.197933	0.002039
1748	2.197592	0.001472
1749	2.198093	0.000587
1750	2.197047	0.000160
1751	2.197822	0.000544
1752	2.197691	0.000271
1753	2.198516	0.000643
1754	2.213262	0.000694
1755	2.198054	0.015571
1756	2.197876	0.000462
1757	2.196978	0.015386
1758	2.197941	0.001076
1759	2.198828	0.000065
1760	2.207153	0.001850
1761	2.198406	0.009213
1762	2.197914	0.000422
1763	2.197856	0.009239
1764	2.198196	0.000550
1765	2.197704	0.000282
1766	2.198036	0.000151
1767	2.197956	0.000160
1768	2.197789	0.000251
1769	2.197995	0.000247
1770	2.197696	0.000039
1771	2.197784	0.000093
1772	2.197688	0.000211
1773	2.200210	0.000008
1774	2.199966	0.002427
1775	2.198139	0.002277
1776	2.197941	0.002071
1777	2.197515	0.002024
1778	2.198072	0.000624
1779	2.196863	0.000131
1780	2.197759	0.000652
1781	2.197598	0.000313
1782	2.198329	0.000735
1783	2.198775	0.000570
1784	2.197982	0.001177
1785	2.197721	0.000347
1786	2.198620	0.001054
1787	2.197680	0.000638
1788	2.198083	0.000041
1789	2.198066	0.000538
1790	2.197846	0.000386
1791	2.198170	0.000236
1792	2.197929	0.000104
1793	2.198013	0.000083
1794	2.198083	0.000156
1795	2.197946	0.000154
1796	2.198102	0.000067
1797	2.198030	0.000018
1798	2.198046	0.000084
1799	2.198143	0.000056
1800	2.198081	0.000113
1801	2.198222	0.000035
1802	2.198295	0.000079
1803	2.198476	0.000214
1804	2.196164	0.000254
1805	2.197556	0.002131
1806	2.197929	0.000920
1807	2.198157	0.001764
1808	2.196766	0.000601
1809	2.198073	0.001163
1810	2.197777	0.000084
1811	2.197587	0.001012
1812	2.197889	0.000486
1813	2.198864	0.000112
1814	2.194392	0.001277
1815	2.198272	0.003497
1816	2.197966	0.000592
1817	2.197839	0.003574
1818	2.198206	0.000433
1819	2.197787	0.000240
1820	2.198031	0.000053
1821	2.197999	0.000176
1822	2.197841	0.000212
1823	2.198032	0.000189
1824	2.197843	0.000033
1825	2.197887	0.000002
1826	2.197889	0.000144
1827	2.197602	0.000046
1828	2.197712	0.000286
1829	2.195071	0.000177
1830	2.198588	0.002531
1831	2.198213	0.000876
1832	2.197939	0.003142
1833	2.197443	0.000649
1834	2.198124	0.000770
1835	2.196346	0.000186
1836	2.197819	0.001097
1837	2.197699	0.000306
1838	2.198393	0.001353
1839	2.217312	0.000574
1840	2.198031	0.019613
1841	2.197844	0.000362
1842	2.196231	0.019468
1843	2.197889	0.001800
1844	2.198456	0.000045
1845	2.198696	0.002224
1846	2.198179	0.000807
1847	2.197777	0.000277
1848	2.197387	0.000919
1849	2.197978	0.000792
1850	2.198529	0.000200
1851	2.197173	0.001142
1852	2.198424	0.000805
1853	2.197972	0.000106
1854	2.197951	0.000799
1855	2.198330	0.000472
1856	2.197924	0.000358
1857	2.198220	0.000027
1858	2.198176	0.000110
1859	2.198113	0.000252
1860	2.199666	0.000108
1861	2.198478	0.001490
1862	2.197335	0.000366
1863	2.197851	0.002330
1864	2.197977	0.000627
1865	2.198942	0.000642
1866	2.197820	0.001091
1867	2.198675	0.000157
1868	2.198184	0.000267
1869	2.198153	0.000364
1870	2.197398	0.000522
1871	2.198761	0.000786
1872	2.197842	0.000609
1873	2.198020	0.000444
1874	2.198187	0.000741
1875	2.197873	0.000345
1876	2.198228	0.000147
1877	2.198044	0.000041
1878	2.198068	0.000171
1879	2.198345	0.000160
1880	2.198122	0.000301
1881	2.198777	0.000054
1882	2.200683	0.000433
1883	2.196950	0.002561
1884	2.197909	0.001827
1885	2.198039	0.002775
1886	2.199441	0.001089
1887	2.197954	0.001533
1888	2.188449	0.000086
1889	2.198636	0.010992
1890	2.199336	0.000682
1891	2.197944	0.010887
1892	2.197872	0.000692
1893	2.198542	0.001464
1894	2.197791	0.000598
1895	2.198182	0.000081
1896	2.198108	0.000360
1897	2.197987	0.000318
1898	2.198479	0.000195
1899	2.198095	0.000370
1900	2.198426	0.000109
1901	2.203823	0.000053
1902	2.200642	0.005728
1903	2.197861	0.002216
1904	2.197937	0.005962
1905	2.198322	0.002705
1906	2.197762	0.000460
1907	2.198190	0.000175
1908	2.198037	0.000132
1909	2.197977	0.000275
1910	2.198268	0.000213
1911	2.198016	0.000231
1912	2.198224	0.000039
1913	2.198316	0.000044
1914	2.198263	0.000300
1915	2.196579	0.000039
1916	2.197067	0.001737
1917	2.197863	0.001196
1918	2.198096	0.001284
1919	2.198763	0.001028
1920	2.197970	0.000900
1921	2.196038	0.000126
1922	2.198522	0.002724
1923	2.232694	0.000552
1924	2.197936	0.036655
1925	2.197853	0.000586
1926	2.198894	0.034841
1927	2.197748	0.000958
1928	2.198218	0.000105
1929	2.198125	0.000676
1930	2.197986	0.000377
1931	2.198741	0.000232
1932	2.198110	0.000616
1933	2.198627	0.000124
1934	2.196590	0.000114
1935	2.195940	0.001520
1936	2.197961	0.002687
1937	2.198059	0.001371
1938	2.202852	0.002119
1939	2.198022	0.004890
1940	2.196938	0.000037
1941	2.194002	0.005914
1942	2.197305	0.004020
1943	2.198054	0.000367
1944	2.198085	0.004053
1945	2.197638	0.000780
1946	2.198156	0.000416
1947	2.197830	0.000071
1948	2.197905	0.000192
1949	2.197993	0.000252
1950	2.197623	0.000164
1951	2.197899	0.000282
1952	2.197606	0.000094
1953	2.196372	0.000017
1954	2.196114	0.001528
1955	2.198180	0.001492
1956	2.198055	0.001809
1957	2.197780	0.001941
1958	2.198298	0.000400
1959	2.197870	0.000243
1960	2.198038	0.000090
1961	2.198100	0.000261
1962	2.197918	0.000230
1963	2.198151	0.000119
1964	2.198018	0.000052
1965	2.198059	0.000100
1966	2.198183	0.000092
1967	2.198082	0.000165
1968	2.198313	0.000023
1969	2.198381	0.000130
1970	2.198809	0.000299
1971	2.197476	0.000496
1972	2.197762	0.000905
1973	2.198035	0.001047
1974	2.198562	0.000559
1975	2.197829	0.000800
1976	2.199007	0.000206
1977	2.198141	0.000444
1978	2.198199	0.000312
1979	2.197355	0.000807
1980	2.198768	0.000786
1981	2.197875	0.000568
1982	2.198016	0.000520
1983	2.198232	0.000752
1984	2.197898	0.000357
1985	2.198272	0.000118
1986	2.198092	0.000040
1987	2.198114	0.000194
1988	2.198726	0.000158
1989	2.198263	0.000634
1990	2.196652	0.000149
1991	2.197637	0.002074
1992	2.197866	0.000627
1993	2.198206	0.001214
1994	2.192275	0.000570
1995	2.198050	0.005591
1996	2.197778	0.000156
1997	2.197172	0.005503
1998	2.197861	0.000878
1999	2.198424	0.000083
2000	2.198835	0.001253
2001	2.198138	0.000973
2002	2.197786	0.000286
2003	2.197224	0.001049
2004	2.197954	0.000914
2005	2.198464	0.000168
2006	2.195686	0.001240
2007	2.198304	0.002269
2008	2.197920	0.000160
2009	2.197867	0.002235
2010	2.198157	0.000437
2011	2.197739	0.000236
2012	2.198020	0.000128
2013	2.197944	0.000137
2014	2.197785	0.000205
2015	2.197967	0.000235
2016	2.197656	0.000023
2017	2.197719	0.000129
2018	2.197531	0.000248
2019	2.198758	0.000125
2020	2.198504	0.001039
2021	2.198041	0.000972
2022	2.197803	0.000717
2023	2.198938	0.000700
2024	2.197868	0.000897
2025	2.198168	0.000065
2026	2.198245	0.000770
2027	2.198028	0.000377
2028	2.200154	0.000140
2029	2.198321	0.001909
2030	2.189338	0.000293
2031	2.197800	0.010816
2032	2.197860	0.000521
2033	2.198271	0.008523
2034	2.197295	0.000470
2035	2.198079	0.000565
2036	2.197910	0.000192
2037	2.197705	0.000615
2038	2.197993	0.000374
2039	2.197246	0.000083
2040	2.197692	0.000458
2041	2.197190	0.000301
2042	2.198313	0.000057
2043	2.198301	0.000621
2044	2.197919	0.001111
2045	2.197267	0.000394
2046	2.198154	0.001034
2047	2.206035	0.000235
2048	2.197821	0.008767
2049	2.197637	0.000332
2050	2.198290	0.008397
2051	2.200476	0.000469
2052	2.197979	0.002839
2053	2.197785	0.000311
2054	2.199308	0.002691
2055	2.197747	0.001329
2056	2.198176	0.000038
2057	2.198148	0.001132
2058	2.197961	0.000401
2059	2.198674	0.000215
2060	2.198102	0.000525
2061	2.198435	0.000141
2062	2.195799	0.000239
2063	2.202326	0.002303
2064	2.197915	0.003891
2065	2.198038	0.002115
2066	2.198547	0.004288
2067	2.197958	0.000632
2068	2.199011	0.000080
2069	2.198358	0.000464
2070	2.198548	0.000400
2071	2.197773	0.000462
2072	2.197678	0.000585
2073	2.198098	0.000870
2074	2.199453	0.000325
2075	2.197864	0.001775
2076	2.197139	0.000234
2077	2.198283	0.002313
2078	2.198833	0.000419
2079	2.197902	0.001694
2080	2.197689	0.000381
2081	2.198293	0.001144
2082	2.197056	0.000391
2083	2.197996	0.000632
2084	2.197901	0.000297
2085	2.197033	0.000845
2086	2.197899	0.000963
2087	2.199348	0.000001
2088	2.199305	0.002315
2089	2.198356	0.001405
2090	2.197917	0.000992
2091	2.197793	0.001388
2092	2.198179	0.000563
2093	2.197578	0.000261
2094	2.197986	0.000214
2095	2.197904	0.000193
2096	2.197521	0.000326
2097	2.197890	0.000464
2098	2.193984	0.000014
2099	2.158350	0.003538
2100	2.198561	0.039539
2101	2.197574	0.004577
2102	2.197982	0.039224
2103	2.198028	0.000579
2104	2.197494	0.000453
2105	2.198012	0.000488
2106	2.197632	0.000016
2107	2.197569	0.000137
2108	2.197679	0.000443
2109	2.198399	0.000047
2110	2.198464	0.000831
2111	2.198025	0.000786
2112	2.197669	0.000374
2113	2.198655	0.000796
2114	2.197742	0.000629
2115	2.198066	0.000074
2116	2.198097	0.000589
2117	2.197859	0.000355
2118	2.198191	0.000207
2119	2.197968	0.000093
2120	2.198036	0.000109
2121	2.198146	0.000155
2122	2.198006	0.000177
2123	2.198205	0.000029
2124	2.198158	0.000060
2125	2.198221	0.000152
2126	2.199010	0.000016
2127	2.199220	0.000852
2128	2.197633	0.000999
2129	2.197901	0.001377
2130	2.198093	0.001319
2131	2.196569	0.000460
2132	2.197998	0.001332
2133	2.197635	0.000096
2134	2.196578	0.001066
2135	2.197636	0.001419
